NUM	RES	ATOMNAME	SHIFT
31	G	C	173.86735175
31	G	CA	44.72611187500002
31	G	H	8.053098500000006
31	G	HA	4.166106125
31	G	HA2	4.184965124999995
31	G	HA3	3.8927061250000032
31	G	N	109.31965574999998
32	K	C	176.07702062500007
32	K	CA	57.62467762499996
32	K	CB	30.372990500000014
32	K	CD	29.019272625000006
32	K	CE	42.034769249999954
32	K	CG	24.940162125000025
32	K	H	8.523384375000004
32	K	HA	4.021903374999999
32	K	HB2	1.9563646250000024
32	K	HB3	1.9332145000000007
32	K	HD2	1.6564747500000003
32	K	HD3	1.6566789999999971
32	K	HE2	2.9805263750000006
32	K	HE3	2.9427598749999926
32	K	HG2	1.3892128749999986
32	K	HG3	1.3703985000000014
32	K	HZ	7.319144249999996
32	K	N	116.83121125000014
33	T	C	173.45786199999992
33	T	CA	62.31823875000004
33	T	CB	70.15887025000004
33	T	CG2	21.877290374999987
33	T	H	7.738342374999997
33	T	HA	4.399007
33	T	HB	4.175823749999998
33	T	HG2	1.242042000000001
33	T	N	112.15423775
34	K	C	174.85338300000006
34	K	CA	55.000452250000016
34	K	CB	33.75397524999998
34	K	CD	28.946831000000035
34	K	CE	41.942684124999936
34	K	CG	24.915696124999986
34	K	H	8.729263374999991
34	K	HA	4.8880297499999985
34	K	HB2	1.801687125
34	K	HB3	1.6633311250000005
34	K	HD2	1.6126090000000015
34	K	HD3	1.6165366250000006
34	K	HE2	2.891021874999999
34	K	HE3	2.8747967500000016
34	K	HG2	1.3235517499999998
34	K	HG3	1.3407131250000006
34	K	HZ	7.053182500000004
34	K	N	123.58406849999979
35	E	C	176.07935149999986
35	E	CA	55.284441625
35	E	CB	31.829920375
35	E	CD	182.51257212500008
35	E	CG	36.377691999999975
35	E	H	9.007425375000006
35	E	HA	5.037016874999997
35	E	HB2	2.024050500000001
35	E	HB3	1.9386944999999984
35	E	HG2	2.2419720000000027
35	E	HG3	2.176089125000002
35	E	N	124.62765387500002
36	G	C	173.54957637499984
36	G	CA	46.39779725
36	G	H	9.032045750000002
36	G	HA	3.93388725
36	G	HA2	4.147645749999999
36	G	HA3	3.864955499999997
36	G	N	113.48467137500008
37	V	C	174.26597849999993
37	V	CA	61.98008062499999
37	V	CB	33.07955012499994
37	V	CG1	21.500697625
37	V	CG2	21.59625299999999
37	V	H	7.503671875000005
37	V	HA	4.644857624999998
37	V	HB	1.976248875
37	V	HG1	0.9082397500000003
37	V	HG2	0.8598590000000006
37	V	N	120.38860887499986
38	L	C	174.92987575000004
38	L	CA	53.89165562499995
38	L	CB	44.955989250000016
38	L	CD1	25.24436512500001
38	L	CD2	24.94609525000001
38	L	CG	27.065700124999992
38	L	H	8.820039124999996
38	L	HA	5.149256499999998
38	L	HB2	1.7330858750000004
38	L	HB3	1.5182083749999995
38	L	HD1	0.7430906250000002
38	L	HD2	0.7840880000000002
38	L	HG	1.3939352500000004
38	L	N	128.74039362500002
39	Y	C	173.83878925000008
39	Y	CA	56.64505124999997
39	Y	CB	41.6945995
39	Y	CD1	132.85695275000006
39	Y	CD2	133.0423263750001
39	Y	CE1	117.849012375
39	Y	CE2	117.80113349999998
39	Y	CG	132.02171924999988
39	Y	CZ	160.08132825000018
39	Y	H	9.129746375000002
39	Y	HA	5.196122749999998
39	Y	HB2	2.9427181250000016
39	Y	HB3	2.664151000000002
39	Y	HD1	6.612458374999997
39	Y	HD2	6.769427625000003
39	Y	HE1	6.577370625
39	Y	HE2	6.5797176250000025
39	Y	N	126.28139487500006
40	V	C	174.5604072499998
40	V	CA	60.78617187499993
40	V	CB	33.97333087499997
40	V	CG1	21.397449624999982
40	V	CG2	21.18107024999998
40	V	H	8.631202125
40	V	HA	4.752845874999994
40	V	HB	1.7858794999999992
40	V	HG1	0.7860508750000001
40	V	HG2	0.7734113750000001
40	V	N	127.03415312499979
41	G	C	171.61411650000014
41	G	CA	45.59699125
41	G	H	8.205449500000004
41	G	HA	4.2523910000000065
41	G	HA2	4.305120874999999
41	G	HA3	3.828529874999997
41	G	N	114.42783449999972
42	S	C	173.404155875
42	S	CA	57.41074475000003
42	S	CB	66.03208149999999
42	S	H	8.457642499999999
42	S	HA	5.231137999999999
42	S	HB2	3.9048431250000015
42	S	HB3	3.747316875
42	S	N	114.485105125
43	K	C	175.63413462499997
43	K	CA	55.660454625
43	K	CB	33.81585837499998
43	K	CD	29.186852
43	K	CE	41.96857025
43	K	CG	24.669300000000025
43	K	H	8.942153499999991
43	K	HA	4.800053624999991
43	K	HB2	1.927647125000001
43	K	HB3	1.7446223749999985
43	K	HD2	1.5957051250000012
43	K	HD3	1.5713795
43	K	HE2	2.908469124999999
43	K	HE3	2.8624062500000003
43	K	HG2	1.3514334999999995
43	K	HG3	1.3816010000000007
43	K	HZ	7.252029499999997
43	K	N	124.5297122499998
44	T	C	173.92135350000015
44	T	CA	62.96783124999996
44	T	CB	70.08476587499993
44	T	CG2	21.90696412500001
44	T	H	8.023795124999998
44	T	HA	4.485102624999997
44	T	HB	4.159246000000003
44	T	HG2	1.239952375
44	T	N	115.54433112499996
45	K	C	176.10361012499982
45	K	CA	56.10439750000001
45	K	CB	33.317086750000016
45	K	CD	28.895000875000004
45	K	CE	41.99398725000011
45	K	CG	25.051550625000004
45	K	H	8.496363125000002
45	K	HA	4.320968624999997
45	K	HB2	1.7487437499999985
45	K	HB3	1.7179760000000002
45	K	HD2	1.6528477500000012
45	K	HD3	1.6183021250000034
45	K	HE2	2.9973682500000023
45	K	HE3	2.941208375
45	K	HG2	1.455723625
45	K	HG3	1.4527047500000003
45	K	HZ	7.464386875
45	K	N	123.068288
46	E	C	175.71891500000007
46	E	CA	57.68524574999999
46	E	CB	30.192059499999946
46	E	CD	182.43912237499973
46	E	CG	36.53697500000005
46	E	H	8.667670124999994
46	E	HA	4.4566843750000045
46	E	HB2	2.0945604999999983
46	E	HB3	1.982912125
46	E	HG2	2.2832030000000008
46	E	HG3	2.2342982499999997
46	E	N	119.90322825000004
47	G	C	172.86959412499985
47	G	CA	44.89348937499999
47	G	H	8.636687999999996
47	G	HA	4.1751933750000045
47	G	HA2	4.209000500000001
47	G	HA3	3.7545858749999934
47	G	N	112.05600325000006
48	V	C	174.8674605000002
48	V	CA	61.146658625
48	V	CB	33.671662625
48	V	CG1	21.35423437499997
48	V	CG2	21.14654000000001
48	V	H	8.557776249999987
48	V	HA	4.66613775
48	V	HB	1.918796375
48	V	HG1	0.9060677499999992
48	V	HG2	0.8419250000000008
48	V	N	124.91897262499985
49	V	C	176.46916124999993
49	V	CA	63.75743462499993
49	V	CB	32.10265374999999
49	V	CG1	21.53284762499997
49	V	CG2	21.39392362499999
49	V	H	8.641022374999999
49	V	HA	3.953648249999997
49	V	HB	2.0148903750000007
49	V	HG1	0.9585597499999998
49	V	HG2	0.8936512499999998
49	V	N	128.30046900000005
51	G	C	174.351247875
51	G	CA	45.02039125000001
51	G	H	8.613495374999996
51	G	HA	3.8981718749999943
51	G	HA2	4.0236847499999975
51	G	HA3	3.7449669999999986
51	G	N	115.06811974999991
52	V	C	176.38892925000016
52	V	CA	64.40091025000005
52	V	CB	32.32636774999999
52	V	CG1	21.277202749999983
52	V	CG2	20.976879749999984
52	V	H	8.287023375000002
52	V	HA	3.8280286250000017
52	V	HB	2.052863375
52	V	HG1	0.8761205000000001
52	V	HG2	0.9195895000000006
52	V	N	119.05117325
53	A	C	175.51650237499996
53	A	CA	52.15384237499998
53	A	CB	19.600912375000018
53	A	H	8.312305875000009
53	A	HA	4.54054975
53	A	HB	1.3133566250000002
53	A	HB2	1.7426767500000002
53	A	HB3	1.55638475
53	A	N	120.10108887499985
54	T	C	173.47543187500025
54	T	CA	63.20877062499997
54	T	CB	69.849346125
54	T	CG2	21.562262874999966
54	T	H	7.678447625000008
54	T	HA	4.580466624999996
54	T	HB	4.034579499999995
54	T	HG2	1.2169932499999994
54	T	N	114.78152699999997
55	V	C	175.470482
55	V	CA	61.0654478750001
55	V	CB	34.20135450000002
55	V	CG1	21.216588249999987
55	V	CG2	20.720881499999987
55	V	H	8.405735749999996
55	V	HA	4.790045250000001
55	V	HB	1.8963487500000007
55	V	HG1	0.9015552499999993
55	V	HG2	0.8660622500000008
55	V	N	125.21143675000013
56	A	C	177.27714812500014
56	A	CA	52.553919000000036
56	A	CB	19.757204374999983
56	A	H	8.700565125
56	A	HA	4.41284275
56	A	HB	1.3995803750000002
56	A	HB2	1.822718374999997
56	A	HB3	1.5788696249999992
56	A	N	128.95520212500006
57	E	C	176.31498612500008
57	E	CA	58.38427387500005
57	E	CB	28.651503999999992
57	E	CD	182.37851112500027
57	E	CG	36.32376362499999
57	E	H	8.691724124999999
57	E	HA	4.024383624999996
57	E	HB2	2.1512346250000007
57	E	HB3	2.0953089999999976
57	E	HG2	2.2534341250000014
57	E	HG3	2.2080182500000016
57	E	N	118.5308492499999
58	K	C	176.15825849999987
58	K	CA	55.467199749999935
58	K	CB	33.42866725000003
58	K	CD	28.996454125000014
58	K	CE	42.01657112499996
58	K	CG	24.877893125
58	K	H	8.225561250000002
58	K	HA	4.561301249999999
58	K	HB2	1.7982200000000008
58	K	HB3	1.707855625
58	K	HD2	1.6584100000000008
58	K	HD3	1.684852500000001
58	K	HE2	2.986771000000002
58	K	HE3	2.966869625
58	K	HG2	1.3656892500000004
58	K	HG3	1.3708884999999995
58	K	HZ	7.4351679999999964
58	K	N	120.63897312499998
59	T	C	173.28823099999997
59	T	CA	63.219342375
59	T	CB	70.18169449999996
59	T	CG2	21.66167375
59	T	H	7.830382625000002
59	T	HA	4.470034249999997
59	T	HB	4.069386750000001
59	T	HG2	1.22720875
59	T	N	115.4989045
60	K	C	175.84909637499982
60	K	CA	55.15829412500005
60	K	CB	34.60282275
60	K	CD	29.128885874999984
60	K	CE	41.940477
60	K	CG	24.832468875
60	K	H	8.588396999999992
60	K	HA	4.949503999999996
60	K	HB2	1.7824296249999998
60	K	HB3	1.7074105000000006
60	K	HD2	1.6148766250000008
60	K	HD3	1.6197107500000003
60	K	HE2	2.98995475
60	K	HE3	2.92853275
60	K	HG2	1.3527052499999996
60	K	HG3	1.364615875
60	K	HZ	7.252860375000012
60	K	N	124.67635399999986
61	E	C	175.52673300000018
61	E	CA	58.010011625
61	E	CB	27.48238225000002
61	E	CD	182.45492812500004
61	E	CG	36.78426700000002
61	E	H	9.060167125
61	E	HA	3.971378500000008
61	E	HB2	2.2537393749999977
61	E	HB3	2.1764378749999973
61	E	HG2	2.257403
61	E	HG3	2.2592835000000004
61	E	N	122.84253037500022
62	Q	C	174.4643748750001
62	Q	CA	56.384816749999935
62	Q	CB	30.18295900000001
62	Q	CD	179.14954112499996
62	Q	CG	34.05355425000004
62	Q	H	7.865616749999997
62	Q	HA	4.557227375
62	Q	HB2	2.1232692500000043
62	Q	HB3	1.9398015
62	Q	HE21	7.4886645000000085
62	Q	HE22	6.910228625000009
62	Q	HG2	2.360887500000001
62	Q	HG3	2.340608750000001
62	Q	N	117.79641775000023
63	V	C	174.67021225000028
63	V	CA	61.33589000000008
63	V	CB	33.36543824999999
63	V	CG1	21.32404324999998
63	V	CG2	21.235504625000047
63	V	H	8.785933124999994
63	V	HA	4.724158874999995
63	V	HB	1.9328028750000008
63	V	HG1	0.8273504999999998
63	V	HG2	0.8352645000000009
63	V	N	124.86948474999977
64	T	C	172.6860089999999
64	T	CA	61.82619849999999
64	T	CB	70.46693112499992
64	T	CG2	21.33029412499998
64	T	H	9.026591875000006
64	T	HA	4.996171375000005
64	T	HB	3.937545125000008
64	T	HG2	1.0988344999999995
64	T	N	123.85687949999996
65	N	C	173.6024670000001
65	N	CA	52.161508875000095
65	N	CB	41.01494387499999
65	N	CG	176.324059875
65	N	H	8.944453874999992
65	N	HA	5.237874625000001
65	N	HB2	2.7943715000000013
65	N	HB3	2.632248624999998
65	N	HD21	7.303543875000012
65	N	HD22	6.964436750000008
65	N	N	125.19448187499997
66	V	C	176.4041794999999
66	V	CA	61.14076412500002
66	V	CB	33.189359125
66	V	CG1	21.49736500000001
66	V	CG2	21.076676125000013
66	V	H	8.753983624999995
66	V	HA	4.590428499999998
66	V	HB	1.934768375
66	V	HG1	0.892591375
66	V	HG2	0.8689154999999993
66	V	N	127.04526537499996
67	G	C	174.41666462500012
67	G	CA	46.887467374999964
67	G	H	9.061506499999997
67	G	HA	3.9407427499999983
67	G	HA2	4.160108374999998
67	G	HA3	3.8178278750000008
67	G	N	115.77915387499998
68	G	C	172.42728962500027
68	G	CA	44.76590125
68	G	H	8.186059249999998
68	G	HA	4.082275875000004
68	G	HA2	4.143832250000001
68	G	HA3	3.846146250000003
68	G	N	108.10001374999992
69	A	C	175.39497625000016
69	A	CA	50.87297737499999
69	A	CB	21.651814625
69	A	H	8.353644999999998
69	A	HA	5.272550499999999
69	A	HB	1.2046057500000005
69	A	HB2	1.7023617499999997
69	A	HB3	1.3858215000000005
69	A	N	123.012013625
70	V	C	174.13148974999973
70	V	CA	61.12811162500007
70	V	CB	33.422011250000025
70	V	CG1	21.70463962499999
70	V	CG2	21.173768000000006
70	V	H	8.623448499999999
70	V	HA	4.690780500000002
70	V	HB	1.9203961250000003
70	V	HG1	0.8156933749999989
70	V	HG2	0.8149379999999999
70	V	N	123.41476337499996
71	V	C	174.36099187500002
71	V	CA	60.82147687499993
71	V	CB	33.56619624999997
71	V	CG1	21.270249124999992
71	V	CG2	20.876712749999992
71	V	H	8.930344750000009
71	V	HA	4.760558375000002
71	V	HB	1.8616902500000003
71	V	HG1	0.7636637499999988
71	V	HG2	0.6823958750000003
71	V	N	127.39136799999987
72	T	C	173.56069150000008
72	T	CA	61.203600875000035
72	T	CB	71.09619062499998
72	T	CG2	21.250058749999994
72	T	H	8.836299250000003
72	T	HA	4.9936447500000005
72	T	HB	3.878234875
72	T	HG2	0.7667852499999998
72	T	N	122.97668062500007
73	G	C	173.213158875
73	G	CA	46.282833125000046
73	G	H	8.532198499999996
73	G	HA	3.847768875000001
73	G	HA2	4.052574875
73	G	HA3	3.737730750000001
73	G	N	114.83516975000013
74	V	C	174.53816637499992
74	V	CA	60.96532375
74	V	CB	34.272387249999944
74	V	CG1	21.48514262500001
74	V	CG2	21.296390375000023
74	V	H	7.468940000000008
74	V	HA	4.847504124999999
74	V	HB	1.8733875000000015
74	V	HG1	0.8202724999999993
74	V	HG2	0.7523342500000001
74	V	N	120.00032275000008
75	T	C	172.82435462499978
75	T	CA	62.04554849999993
75	T	CB	70.02850062500004
75	T	CG2	21.347791124999986
75	T	H	8.804048624999998
75	T	HA	5.016616374999996
75	T	HB	3.998456750000003
75	T	HG2	1.1096684999999984
75	T	N	123.25433037500004
76	A	C	175.169284625
76	A	CA	50.87543262499993
76	A	CB	21.958265000000008
76	A	H	9.078606874999997
76	A	HA	5.3353348750000045
76	A	HB	1.262038125
76	A	HB2	1.6798056249999993
76	A	HB3	1.4076027499999997
76	A	N	130.19536400000007
77	V	C	173.88000900000014
77	V	CA	60.91281975000005
77	V	CB	34.520606124999915
77	V	CG1	21.334153625
77	V	CG2	21.119667375000013
77	V	H	8.699387499999998
77	V	HA	4.924207874999997
77	V	HB	1.889772
77	V	HG1	0.8443468750000008
77	V	HG2	0.8482517500000009
77	V	N	123.29550687500004
78	A	C	175.6528197500002
78	A	CA	50.65670850000001
78	A	CB	21.646493375000027
78	A	H	9.040507250000003
78	A	HA	5.196650124999996
78	A	HB	1.3144657500000023
78	A	HB2	1.708599124999999
78	A	HB3	1.4434490000000002
78	A	N	130.34176687499996
79	Q	C	174.414749125
79	Q	CA	54.362703124999975
79	Q	CB	32.77847650000001
79	Q	CD	179.08838425000008
79	Q	CG	33.57951462500001
79	Q	H	8.59745675
79	Q	HA	5.417092999999999
79	Q	HB2	2.077561250000003
79	Q	HB3	2.035250875
79	Q	HE21	7.445722375000004
79	Q	HE22	6.918685875000002
79	Q	HG2	2.2685186249999982
79	Q	HG3	2.25450075
79	Q	N	121.70491462500013
80	K	C	175.59145837500014
80	K	CA	57.72263012499995
80	K	CB	33.701713375000004
80	K	CD	29.13233562500001
80	K	CE	41.81098849999993
80	K	CG	24.794325624999995
80	K	H	8.761428375000003
80	K	HA	4.502285249999999
80	K	HB2	1.7984528750000013
80	K	HB3	1.780292874999998
80	K	HD2	1.5957235000000003
80	K	HD3	1.5896598750000015
80	K	HE2	2.9086421250000014
80	K	HE3	2.8907256250000053
80	K	HG2	1.3765295000000015
80	K	HG3	1.3864688750000014
80	K	HZ	7.1064195
80	K	N	125.2728885
81	T	C	172.71414137499988
81	T	CA	61.102710125000065
81	T	CB	71.46304699999995
81	T	CG2	20.805883249999976
81	T	H	8.162705750000004
81	T	HA	5.315892500000003
81	T	HB	3.9622008750000033
81	T	HG2	1.0965308749999998
81	T	N	112.908939625
82	V	C	175.46910262499995
82	V	CA	61.151365374999905
82	V	CB	33.829302375000005
82	V	CG1	21.62844762499999
82	V	CG2	21.243108250000013
82	V	H	8.64530537500001
82	V	HA	4.745300875000001
82	V	HB	1.948444125
82	V	HG1	0.8866162499999989
82	V	HG2	0.86157875
82	V	N	124.38959587500023
83	E	C	176.31191562500004
83	E	CA	56.85167762500005
83	E	CB	31.03857112499995
83	E	CD	182.393897625
83	E	CG	36.45668162499996
83	E	H	9.043619
83	E	HA	4.507070000000006
83	E	HB2	2.0551022499999987
83	E	HB3	2.009017125000001
83	E	HG2	2.2786158749999976
83	E	HG3	2.221905
83	E	N	126.19701287500007
84	G	C	173.2720903750002
84	G	CA	45.32141237499998
84	G	H	8.248191875
84	G	HA	4.087793125000005
84	G	HA2	4.202929124999996
84	G	HA3	3.8968454999999977
84	G	N	108.20066700000002
85	A	C	176.01358050000007
85	A	CA	52.143939500000045
85	A	CB	20.261915374999987
85	A	H	8.32852999999999
85	A	HA	4.7592248749999975
85	A	HB	1.3674441250000005
85	A	HB2	1.6916389999999988
85	A	HB3	1.4320552499999994
85	A	N	124.00176812500008
86	G	C	172.337012375
86	G	CA	45.09264524999996
86	G	H	8.727705499999997
86	G	HA	4.285713249999997
86	G	HA2	4.279200125
86	G	HA3	3.8817318750000034
86	G	N	109.70030337500006
87	S	C	172.74574949999993
87	S	CA	57.52269549999996
87	S	CB	65.75588700000004
87	S	H	8.453242250000002
87	S	HA	5.304051125000001
87	S	HB2	3.8388187500000064
87	S	HB3	3.729373375
87	S	N	117.46011050000007
88	I	C	174.23174349999982
88	I	CA	60.37990999999993
88	I	CB	40.54982574999999
88	I	CD1	14.18776562499999
88	I	CG1	26.981878500000004
88	I	CG2	18.26364537499998
88	I	H	8.504948625000008
88	I	HA	4.765285499999998
88	I	HB	1.9792045000000005
88	I	HD1	0.7519512500000001
88	I	HG12	1.3017691249999983
88	I	HG13	1.16764525
88	I	HG2	0.8341162499999993
88	I	N	122.74023125000014
89	A	C	175.31386725000004
89	A	CA	50.82068137499999
89	A	CB	21.3470285
89	A	H	9.087185625000004
89	A	HA	5.21420675
89	A	HB	1.3242777499999996
89	A	HB2	1.6919077499999997
89	A	HB3	1.4709506249999984
89	A	N	130.27188850000002
90	A	C	175.2440241250003
90	A	CA	50.88015599999992
90	A	CB	21.984441875
90	A	H	8.838688749999982
90	A	HA	5.348531500000003
90	A	HB	1.3088790000000006
90	A	HB2	1.6793645000000028
90	A	HB3	1.4306433749999994
90	A	N	125.810285875
91	A	C	175.33321237499993
91	A	CA	51.01135175000007
91	A	CB	21.99221600000002
91	A	H	8.830839874999993
91	A	HA	5.331905875
91	A	HB	1.310913750000002
91	A	HB2	1.6842716249999996
91	A	HB3	1.3961519999999998
91	A	N	125.58620212500004
92	T	C	173.02777850000007
92	T	CA	61.72559337499998
92	T	CB	70.66657337500003
92	T	CG2	21.443032124999988
92	T	H	8.967022375
92	T	HA	5.102649499999997
92	T	HB	4.015370125000007
92	T	HG2	1.1863665000000003
92	T	N	118.64327075000016
93	G	C	172.50754875000013
93	G	CA	44.890251000000006
93	G	H	9.18064175
93	G	HA	4.341543875000003
93	G	HA2	4.3687161250000015
93	G	HA3	3.829815374999996
93	G	N	114.68969537500013
94	F	C	173.90618262500004
94	F	CA	56.50749399999998
94	F	CB	41.940881875
94	F	CD1	131.86480212500012
94	F	CD2	131.59638100000004
94	F	CE1	130.8369294999999
94	F	CE2	130.94184937499998
94	F	CG	139.825415125
94	F	CZ	129.019596875
94	F	H	8.96764174999999
94	F	HA	5.138967875
94	F	HB2	2.906959875000005
94	F	HB3	2.58284725
94	F	HD1	6.847778374999995
94	F	HD2	6.779666000000005
94	F	HE1	6.6595385000000045
94	F	HE2	6.839790875
94	F	HZ	6.919226999999997
94	F	N	125.82872762499994
95	V	C	174.3902161249999
95	V	CA	60.540769874999924
95	V	CB	34.72725687499998
95	V	CG1	21.379995874999995
95	V	CG2	21.18113962500001
95	V	H	8.34969212499999
95	V	HA	4.647081499999997
95	V	HB	1.7849061249999991
95	V	HG1	0.7511077499999996
95	V	HG2	0.7181226250000008
95	V	N	125.64072237500004
96	K	C	175.27577924999997
96	K	CA	56.378623249999954
96	K	CB	34.395313875000035
96	K	CD	29.194165624999954
96	K	CE	41.72992037499998
96	K	CG	24.896978125000004
96	K	H	8.596670875000008
96	K	HA	4.621126874999995
96	K	HB2	1.8194622500000008
96	K	HB3	1.6902293750000004
96	K	HD2	1.5888833749999984
96	K	HD3	1.6775628749999978
96	K	HE2	2.9584479999999966
96	K	HE3	2.8893163749999995
96	K	HG2	1.3727411249999997
96	K	HG3	1.343050000000001
96	K	HZ	7.012418375000001
96	K	N	126.26308837500008
97	K	C	174.78572637500008
97	K	CA	56.25389012499999
97	K	CB	32.470515624999976
97	K	CD	29.03357637500001
97	K	CE	41.95949099999999
97	K	CG	24.99699425000001
97	K	H	8.363442499999998
97	K	HA	4.422279749999999
97	K	HB2	1.7891194999999975
97	K	HB3	1.7601731250000017
97	K	HD2	1.6221148749999992
97	K	HD3	1.5964649999999978
97	K	HE2	2.973797374999997
97	K	HE3	2.893648749999997
97	K	HG2	1.3667608749999982
97	K	HG3	1.3374376250000006
97	K	HZ	7.117142875
97	K	N	120.22582600000021
98	D	C	175.18046037499997
98	D	CA	53.53966875
98	D	CB	42.43142862500007
98	D	CG	179.91700200000002
98	D	H	8.429257250000001
98	D	HA	4.859534750000002
98	D	HB2	2.6722255
98	D	HB3	2.602156000000001
98	D	N	124.09586162500004
99	Q	C	174.5568244999999
99	Q	CA	54.97526025000003
99	Q	CB	31.20226500000001
99	Q	CD	179.39261762499996
99	Q	CG	33.77516049999999
99	Q	H	8.489583999999995
99	Q	HA	4.5737270000000025
99	Q	HB2	2.0261035
99	Q	HB3	1.9192266250000023
99	Q	HE21	7.3156623750000165
99	Q	HE22	6.9042279999999865
99	Q	HG2	2.2620233750000014
99	Q	HG3	2.2088788749999986
99	Q	N	123.25562200000002
100	L	C	177.21684837499973
100	L	CA	54.52578175000005
100	L	CB	43.20179762500002
100	L	CD1	24.87118187500001
100	L	CD2	24.386055500000037
100	L	CG	27.033249125
100	L	H	8.432223000000006
100	L	HA	4.585998750000001
100	L	HB2	1.6636181250000022
100	L	HB3	1.49663925
100	L	HD1	0.8336487499999999
100	L	HD2	0.8038326250000004
100	L	HG	1.4565434999999984
100	L	N	125.11522100000002
101	G	C	174.08039837500004
101	G	CA	45.07648349999997
101	G	H	8.516609625000006
101	G	HA	3.9274106250000034
101	G	HA2	4.031894500000003
101	G	HA3	3.864706625000003
101	G	N	112.77553825
102	K	C	176.147817
102	K	CA	56.49386900000003
102	K	CB	33.112665749999984
102	K	CD	28.97074137500002
102	K	CE	42.022445874999924
102	K	CG	24.505804
102	K	H	8.27668650000001
102	K	HA	4.316194500000002
102	K	HB2	1.8033217499999996
102	K	HB3	1.7711652499999988
102	K	HD2	1.6165941249999998
102	K	HD3	1.663944124999999
102	K	HE2	2.9671200000000018
102	K	HE3	2.945633749999997
102	K	HG2	1.3414134999999996
102	K	HG3	1.3705926249999982
102	K	HZ	7.452896875000013
102	K	N	120.27176675000008
