RES	NUM	ATOMNAME	EXP_SHIFT	COMP_SHIFT
K	34	N	125.5	123.58406849999979
K	34	CA	56.1	55.000452250000016
K	34	C	174.5	174.85338300000006
E	35	CD	183.4	182.51257212500008
E	35	CG	35.6	36.377691999999975
E	35	C	176.3	176.07935149999986
E	35	CA	53.4	55.284441625
E	35	N	121.9	124.62765387500002
E	35	CB	35.7	31.829920375
G	36	CA	48.4	46.39779725
G	36	C	173.6	173.54957637499984
G	36	N	117.5	113.48467137500008
V	37	N	118.6	120.38860887499986
V	37	CB	35.7	33.07955012499994
V	37	CA	60.0	61.98008062499999
V	37	C	172.4	174.26597849999993
L	38	CG	27.5	27.065700124999992
L	38	CB	47.3	44.955989250000016
L	38	C	173.8	174.92987575000004
L	38	CA	52.6	53.89165562499995
L	38	N	127.8	128.74039362500002
Y	39	CZ	157.3	160.08132825000018
Y	39	CB	43.4	41.6945995
Y	39	C	173.9	173.83878925000008
Y	39	CA	56.3	56.64505124999997
Y	39	CG	128.0	132.02171924999988
Y	39	N	131.3	126.28139487500006
V	40	N	127.1	127.03415312499979
V	40	CB	34.4	33.97333087499997
V	40	C	173.8	174.5604072499998
V	40	CA	60.0	60.78617187499993
G	41	C	170.2	171.61411650000014
G	41	CA	44.7	45.59699125
G	41	N	111.6	114.42783449999972
S	42	CA	56.5	57.41074475000003
S	42	C	175.4	173.404155875
S	42	CB	68.7	66.03208149999999
S	42	N	116.9	114.485105125
K	43	CA	56.6	55.660454625
K	43	C	176.6	175.63413462499997
K	43	N	123.4	124.5297122499998
E	61	C	173.1	175.52673300000018
Q	62	CA	54.5	56.384816749999935
Q	62	C	174.3	174.4643748750001
Q	62	N	122.6	117.79641775000023
V	63	CB	35.5	33.36543824999999
V	63	CA	61.2	61.33589000000008
V	63	N	124.6	124.86948474999977
V	63	C	173.9	174.67021225000028
T	64	CA	60.8	61.82619849999999
T	64	N	124.8	123.85687949999996
T	64	CB	68.5	70.46693112499992
T	64	C	172.3	172.6860089999999
N	65	C	173.0	173.6024670000001
N	65	CG	174.4	176.324059875
N	65	CB	42.0	41.01494387499999
N	65	CA	51.9	52.161508875000095
N	65	N	126.5	125.19448187499997
V	66	N	125.0	127.04526537499996
V	66	C	177.0	176.4041794999999
V	66	CB	34.4	33.189359125
V	66	CA	59.9	61.14076412500002
G	67	N	112.6	115.77915387499998
G	67	C	171.9	174.41666462500012
G	67	CA	47.4	46.887467374999964
G	68	C	172.1	172.42728962500027
G	68	CA	44.4	44.76590125
G	68	N	100.7	108.10001374999992
A	69	CA	50.0	50.87297737499999
A	69	C	175.0	175.39497625000016
A	69	CB	22.1	21.651814625
A	69	N	121.8	123.012013625
V	70	CA	61.7	61.12811162500007
V	70	C	175.8	174.13148974999973
V	70	CB	32.7	33.422011250000025
V	70	N	124.5	123.41476337499996
V	71	N	131.0	127.39136799999987
V	71	CA	61.3	60.82147687499993
V	71	CB	34.7	33.56619624999997
V	71	C	173.9	174.36099187500002
T	72	CB	71.4	71.09619062499998
T	72	CA	60.1	61.203600875000035
T	72	N	124.7	122.97668062500007
T	72	C	174.6	173.56069150000008
G	73	N	117.8	114.83516975000013
G	73	C	172.1	173.213158875
G	73	CA	49.0	46.282833125000046
V	74	CA	59.4	60.96532375
V	74	N	117.6	120.00032275000008
V	74	C	173.8	174.53816637499992
V	74	CB	37.4	34.272387249999944
T	75	N	123.4	123.25433037500004
T	75	C	171.8	172.82435462499978
T	75	CB	68.8	70.02850062500004
T	75	CA	61.7	62.04554849999993
A	76	CB	21.7	21.958265000000008
A	76	C	174.2	175.169284625
A	76	CA	49.7	50.87543262499993
A	76	N	131.2	130.19536400000007
V	77	CB	36.7	34.520606124999915
V	77	CA	60.6	60.91281975000005
V	77	C	172.2	173.88000900000014
V	77	N	122.4	123.29550687500004
A	78	CA	50.7	50.65670850000001
A	78	C	175.7	175.6528197500002
A	78	CB	23.1	21.646493375000027
A	78	N	130.3	130.34176687499996
Q	79	CG	34.7	33.57951462500001
Q	79	CD	179.3	179.08838425000008
Q	79	CB	37.6	32.77847650000001
Q	79	N	122.6	121.70491462500013
Q	79	C	174.1	174.414749125
Q	79	CA	54.6	54.362703124999975
K	80	N	126.5	125.2728885
K	80	C	173.9	175.59145837500014
K	80	CA	54.7	57.72263012499995
T	81	N	124.7	112.908939625
T	81	CB	69.9	71.46304699999995
T	81	CA	61.9	61.102710125000065
T	81	C	172.8	172.71414137499988
V	82	N	127.0	124.38959587500023
V	82	C	175.4	175.46910262499995
V	82	CA	60.1	61.151365374999905
E	83	C	175.9	176.31191562500004
E	83	N	118.3	126.19701287500007
E	83	CA	55.3	56.85167762500005
G	84	N	124.4	108.20066700000002
G	84	C	175.0	173.2720903750002
G	84	CA	49.8	45.32141237499998
A	85	N	124.7	124.00176812500008
A	85	CA	49.9	52.143939500000045
A	85	C	174.5	176.01358050000007
G	86	C	172.5	172.337012375
G	86	N	110.3	109.70030337500006
G	86	CA	44.2	45.09264524999996
S	87	C	174.4	172.74574949999993
S	87	CA	56.4	57.52269549999996
S	87	CB	67.4	65.75588700000004
S	87	N	119.7	117.46011050000007
I	88	CB	44.4	40.54982574999999
I	88	C	173.2	174.23174349999982
I	88	N	128.2	122.74023125000014
I	88	CA	60.1	60.37990999999993
A	89	CA	50.3	50.82068137499999
A	89	N	129.1	130.27188850000002
A	89	CB	22.5	21.3470285
A	89	C	175.2	175.31386725000004
A	90	C	174.4	175.2440241250003
A	90	CB	22.2	21.984441875
A	90	N	126.3	125.810285875
A	90	CA	49.7	50.88015599999992
A	91	CA	50.3	51.01135175000007
A	91	CB	23.2	21.99221600000002
A	91	N	123.7	125.58620212500004
A	91	C	175.4	175.33321237499993
T	92	C	173.3	173.02777850000007
T	92	CB	70.8	70.66657337500003
T	92	CA	61.2	61.72559337499998
T	92	N	117.3	118.64327075000016
G	93	CA	44.9	44.890251000000006
G	93	N	116.8	114.68969537500013
G	93	C	170.3	172.50754875000013
F	94	CA	56.9	56.50749399999998
F	94	CZ	140.3	129.019596875
F	94	CG	137.4	139.825415125
F	94	N	129.0	125.82872762499994
F	94	C	173.1	173.90618262500004
F	94	CB	43.5	41.940881875
V	95	C	173.0	174.3902161249999
V	95	CA	60.9	60.540769874999924
V	95	CB	35.6	34.72725687499998
V	95	N	128.5	125.64072237500004
K	96	C	175.1	175.27577924999997
K	96	N	129.0	126.26308837500008
K	96	CA	54.5	56.378623249999954
